{
    "loss": 0.22269338369369507,
    "accuracy": 0.9224137663841248
}