{
    "loss": 0.19017371535301208,
    "accuracy": 0.9396551847457886
}